x1,y1,x2,y2
5.07692,-4.3919,6.56779,-4.3919
6.56779,-4.3919,7.32298,-5.64063
7.32298,-5.64063,7.66747,-7.04114
7.66747,-7.04114,7.32605,-7.7994
7.32605,-7.7994,6.56779,-7.67931
6.56779,-7.67931,5.03236,-7.67931
5.03236,-7.67931,3.73991,-7.67931
3.73991,-7.67931,2.22338,-7.9195
2.22338,-7.9195,1.77156,-5.06683
1.77156,-5.06683,3.36441,-4.81455
3.36441,-4.81455,3.30079,-4.20932
3.30079,-4.20932,4.16679,-4.1183
4.16679,-4.1183,4.15557,-3.90421
4.15557,-3.90421,4.92224,-3.86403
4.92224,-3.86403,5.07692,-4.3919
6.99325,-7.24281,6.97971,-7.2452
6.97971,-7.2452,6.96654,-7.24914
6.96654,-7.24914,6.95392,-7.25459
6.95392,-7.25459,6.94201,-7.26146
6.94201,-7.26146,6.93099,-7.26967
6.93099,-7.26967,6.92099,-7.2791
6.92099,-7.2791,6.91215,-7.28963
6.91215,-7.28963,6.9046,-7.30112
6.9046,-7.30112,6.89843,-7.3134
6.89843,-7.3134,6.89373,-7.32632
6.89373,-7.32632,6.89056,-7.3397
6.89056,-7.3397,6.88896,-7.35335
6.88896,-7.35335,6.88896,-7.3671
6.88896,-7.3671,6.89056,-7.38075
6.89056,-7.38075,6.89373,-7.39413
6.89373,-7.39413,6.89843,-7.40704
6.89843,-7.40704,6.9046,-7.41933
6.9046,-7.41933,6.91215,-7.43081
6.91215,-7.43081,6.92099,-7.44134
6.92099,-7.44134,6.93099,-7.45078
6.93099,-7.45078,6.94201,-7.45899
6.94201,-7.45899,6.95392,-7.46586
6.95392,-7.46586,6.96654,-7.4713
6.96654,-7.4713,6.97971,-7.47525
6.97971,-7.47525,6.99325,-7.47763
6.99325,-7.47763,7.00697,-7.47843
7.00697,-7.47843,7.02069,-7.47763
7.02069,-7.47763,7.03423,-7.47525
7.03423,-7.47525,7.0474,-7.4713
7.0474,-7.4713,7.06002,-7.46586
7.06002,-7.46586,7.07193,-7.45899
7.07193,-7.45899,7.08295,-7.45078
7.08295,-7.45078,7.09295,-7.44134
7.09295,-7.44134,7.10179,-7.43081
7.10179,-7.43081,7.10934,-7.41933
7.10934,-7.41933,7.11551,-7.40704
7.11551,-7.40704,7.12021,-7.39413
7.12021,-7.39413,7.12338,-7.38075
7.12338,-7.38075,7.12498,-7.3671
7.12498,-7.3671,7.12508,-7.36022
7.12508,-7.36022,7.12498,-7.35335
7.12498,-7.35335,7.12338,-7.3397
7.12338,-7.3397,7.12021,-7.32632
7.12021,-7.32632,7.11551,-7.3134
7.11551,-7.3134,7.10934,-7.30112
7.10934,-7.30112,7.10179,-7.28963
7.10179,-7.28963,7.09295,-7.2791
7.09295,-7.2791,7.08295,-7.26967
7.08295,-7.26967,7.07193,-7.26146
7.07193,-7.26146,7.06002,-7.25459
7.06002,-7.25459,7.0474,-7.24914
7.0474,-7.24914,7.03423,-7.2452
7.03423,-7.2452,7.02069,-7.24281
7.02069,-7.24281,7.00697,-7.24201
7.00697,-7.24201,6.99325,-7.24281
5.40249,-7.17804,5.38895,-7.18042
5.38895,-7.18042,5.37578,-7.18437
5.37578,-7.18437,5.36316,-7.18981
5.36316,-7.18981,5.35126,-7.19668
5.35126,-7.19668,5.34023,-7.20489
5.34023,-7.20489,5.33023,-7.21433
5.33023,-7.21433,5.3214,-7.22486
5.3214,-7.22486,5.31384,-7.23634
5.31384,-7.23634,5.30767,-7.24863
5.30767,-7.24863,5.30297,-7.26155
5.30297,-7.26155,5.2998,-7.27492
5.2998,-7.27492,5.2982,-7.28857
5.2982,-7.28857,5.2982,-7.30232
5.2982,-7.30232,5.2998,-7.31598
5.2998,-7.31598,5.30297,-7.32935
5.30297,-7.32935,5.30767,-7.34227
5.30767,-7.34227,5.31384,-7.35455
5.31384,-7.35455,5.3214,-7.36604
5.3214,-7.36604,5.33023,-7.37657
5.33023,-7.37657,5.34023,-7.386
5.34023,-7.386,5.35126,-7.39421
5.35126,-7.39421,5.36316,-7.40108
5.36316,-7.40108,5.37578,-7.40653
5.37578,-7.40653,5.38895,-7.41047
5.38895,-7.41047,5.40249,-7.41286
5.40249,-7.41286,5.41621,-7.41366
5.41621,-7.41366,5.42994,-7.41286
5.42994,-7.41286,5.44348,-7.41047
5.44348,-7.41047,5.45664,-7.40653
5.45664,-7.40653,5.46927,-7.40108
5.46927,-7.40108,5.48117,-7.39421
5.48117,-7.39421,5.4922,-7.386
5.4922,-7.386,5.5022,-7.37657
5.5022,-7.37657,5.51103,-7.36604
5.51103,-7.36604,5.51859,-7.35455
5.51859,-7.35455,5.52476,-7.34227
5.52476,-7.34227,5.52946,-7.32935
5.52946,-7.32935,5.53263,-7.31598
5.53263,-7.31598,5.53422,-7.30232
5.53422,-7.30232,5.53432,-7.29545
5.53432,-7.29545,5.53422,-7.28857
5.53422,-7.28857,5.53263,-7.27492
5.53263,-7.27492,5.52946,-7.26155
5.52946,-7.26155,5.52476,-7.24863
5.52476,-7.24863,5.51859,-7.23634
5.51859,-7.23634,5.51103,-7.22486
5.51103,-7.22486,5.5022,-7.21433
5.5022,-7.21433,5.4922,-7.20489
5.4922,-7.20489,5.48117,-7.19668
5.48117,-7.19668,5.46927,-7.18981
5.46927,-7.18981,5.45664,-7.18437
5.45664,-7.18437,5.44348,-7.18042
5.44348,-7.18042,5.42994,-7.17804
5.42994,-7.17804,5.41621,-7.17724
5.41621,-7.17724,5.40249,-7.17804
6.17021,-7.17804,6.15667,-7.18042
6.15667,-7.18042,6.1435,-7.18437
6.1435,-7.18437,6.13088,-7.18981
6.13088,-7.18981,6.11897,-7.19668
6.11897,-7.19668,6.10795,-7.20489
6.10795,-7.20489,6.09795,-7.21433
6.09795,-7.21433,6.08911,-7.22486
6.08911,-7.22486,6.08156,-7.23634
6.08156,-7.23634,6.07539,-7.24863
6.07539,-7.24863,6.07069,-7.26155
6.07069,-7.26155,6.06752,-7.27492
6.06752,-7.27492,6.06592,-7.28857
6.06592,-7.28857,6.06592,-7.30232
6.06592,-7.30232,6.06752,-7.31598
6.06752,-7.31598,6.07069,-7.32935
6.07069,-7.32935,6.07539,-7.34227
6.07539,-7.34227,6.08156,-7.35455
6.08156,-7.35455,6.08911,-7.36604
6.08911,-7.36604,6.09795,-7.37657
6.09795,-7.37657,6.10795,-7.386
6.10795,-7.386,6.11897,-7.39421
6.11897,-7.39421,6.13088,-7.40108
6.13088,-7.40108,6.1435,-7.40653
6.1435,-7.40653,6.15667,-7.41047
6.15667,-7.41047,6.17021,-7.41286
6.17021,-7.41286,6.18393,-7.41366
6.18393,-7.41366,6.19765,-7.41286
6.19765,-7.41286,6.21119,-7.41047
6.21119,-7.41047,6.22436,-7.40653
6.22436,-7.40653,6.23698,-7.40108
6.23698,-7.40108,6.24889,-7.39421
6.24889,-7.39421,6.25991,-7.386
6.25991,-7.386,6.26991,-7.37657
6.26991,-7.37657,6.27875,-7.36604
6.27875,-7.36604,6.2863,-7.35455
6.2863,-7.35455,6.29247,-7.34227
6.29247,-7.34227,6.29718,-7.32935
6.29718,-7.32935,6.30035,-7.31598
6.30035,-7.31598,6.30194,-7.30232
6.30194,-7.30232,6.30204,-7.29545
6.30204,-7.29545,6.30194,-7.28857
6.30194,-7.28857,6.30035,-7.27492
6.30035,-7.27492,6.29718,-7.26155
6.29718,-7.26155,6.29247,-7.24863
6.29247,-7.24863,6.2863,-7.23634
6.2863,-7.23634,6.27875,-7.22486
6.27875,-7.22486,6.26991,-7.21433
6.26991,-7.21433,6.25991,-7.20489
6.25991,-7.20489,6.24889,-7.19668
6.24889,-7.19668,6.23698,-7.18981
6.23698,-7.18981,6.22436,-7.18437
6.22436,-7.18437,6.21119,-7.18042
6.21119,-7.18042,6.19765,-7.17804
6.19765,-7.17804,6.18393,-7.17724
6.18393,-7.17724,6.17021,-7.17804
2.43721,-6.78503,2.42367,-6.78742
2.42367,-6.78742,2.41051,-6.79136
2.41051,-6.79136,2.39788,-6.79681
2.39788,-6.79681,2.38598,-6.80368
2.38598,-6.80368,2.37495,-6.81189
2.37495,-6.81189,2.36495,-6.82132
2.36495,-6.82132,2.35612,-6.83185
2.35612,-6.83185,2.34856,-6.84334
2.34856,-6.84334,2.34239,-6.85562
2.34239,-6.85562,2.33769,-6.86854
2.33769,-6.86854,2.33452,-6.88192
2.33452,-6.88192,2.33293,-6.89557
2.33293,-6.89557,2.33293,-6.90932
2.33293,-6.90932,2.33452,-6.92297
2.33452,-6.92297,2.33769,-6.93635
2.33769,-6.93635,2.34239,-6.94927
2.34239,-6.94927,2.34856,-6.96155
2.34856,-6.96155,2.35612,-6.97303
2.35612,-6.97303,2.36495,-6.98357
2.36495,-6.98357,2.37495,-6.993
2.37495,-6.993,2.38598,-7.00121
2.38598,-7.00121,2.39788,-7.00808
2.39788,-7.00808,2.41051,-7.01353
2.41051,-7.01353,2.42367,-7.01747
2.42367,-7.01747,2.43721,-7.01986
2.43721,-7.01986,2.45094,-7.02065
2.45094,-7.02065,2.46466,-7.01986
2.46466,-7.01986,2.4782,-7.01747
2.4782,-7.01747,2.49137,-7.01353
2.49137,-7.01353,2.50399,-7.00808
2.50399,-7.00808,2.51589,-7.00121
2.51589,-7.00121,2.52692,-6.993
2.52692,-6.993,2.53692,-6.98357
2.53692,-6.98357,2.54575,-6.97303
2.54575,-6.97303,2.55331,-6.96155
2.55331,-6.96155,2.55948,-6.94927
2.55948,-6.94927,2.56418,-6.93635
2.56418,-6.93635,2.56735,-6.92297
2.56735,-6.92297,2.56895,-6.90932
2.56895,-6.90932,2.56905,-6.90244
2.56905,-6.90244,2.56895,-6.89557
2.56895,-6.89557,2.56735,-6.88192
2.56735,-6.88192,2.56418,-6.86854
2.56418,-6.86854,2.55948,-6.85562
2.55948,-6.85562,2.55331,-6.84334
2.55331,-6.84334,2.54575,-6.83185
2.54575,-6.83185,2.53692,-6.82132
2.53692,-6.82132,2.52692,-6.81189
2.52692,-6.81189,2.51589,-6.80368
2.51589,-6.80368,2.50399,-6.79681
2.50399,-6.79681,2.49137,-6.79136
2.49137,-6.79136,2.4782,-6.78742
2.4782,-6.78742,2.46466,-6.78503
2.46466,-6.78503,2.45094,-6.78423
2.45094,-6.78423,2.43721,-6.78503
3.19548,-6.66494,3.18194,-6.66732
3.18194,-6.66732,3.16877,-6.67127
3.16877,-6.67127,3.15615,-6.67671
3.15615,-6.67671,3.14424,-6.68358
3.14424,-6.68358,3.13322,-6.69179
3.13322,-6.69179,3.12322,-6.70123
3.12322,-6.70123,3.11438,-6.71176
3.11438,-6.71176,3.10683,-6.72324
3.10683,-6.72324,3.10066,-6.73553
3.10066,-6.73553,3.09596,-6.74844
3.09596,-6.74844,3.09279,-6.76182
3.09279,-6.76182,3.09119,-6.77547
3.09119,-6.77547,3.09119,-6.78922
3.09119,-6.78922,3.09279,-6.80287
3.09279,-6.80287,3.09596,-6.81625
3.09596,-6.81625,3.10066,-6.82917
3.10066,-6.82917,3.10683,-6.84145
3.10683,-6.84145,3.11438,-6.85294
3.11438,-6.85294,3.12322,-6.86347
3.12322,-6.86347,3.13322,-6.8729
3.13322,-6.8729,3.14424,-6.88111
3.14424,-6.88111,3.15615,-6.88798
3.15615,-6.88798,3.16877,-6.89343
3.16877,-6.89343,3.18194,-6.89737
3.18194,-6.89737,3.19548,-6.89976
3.19548,-6.89976,3.2092,-6.90056
3.2092,-6.90056,3.22292,-6.89976
3.22292,-6.89976,3.23646,-6.89737
3.23646,-6.89737,3.24963,-6.89343
3.24963,-6.89343,3.26225,-6.88798
3.26225,-6.88798,3.27416,-6.88111
3.27416,-6.88111,3.28518,-6.8729
3.28518,-6.8729,3.29518,-6.86347
3.29518,-6.86347,3.30402,-6.85294
3.30402,-6.85294,3.31157,-6.84145
3.31157,-6.84145,3.31774,-6.82917
3.31774,-6.82917,3.32244,-6.81625
3.32244,-6.81625,3.32561,-6.80287
3.32561,-6.80287,3.32721,-6.78922
3.32721,-6.78922,3.32731,-6.78235
3.32731,-6.78235,3.32721,-6.77547
3.32721,-6.77547,3.32561,-6.76182
3.32561,-6.76182,3.32244,-6.74844
3.32244,-6.74844,3.31774,-6.73553
3.31774,-6.73553,3.31157,-6.72324
3.31157,-6.72324,3.30402,-6.71176
3.30402,-6.71176,3.29518,-6.70123
3.29518,-6.70123,3.28518,-6.69179
3.28518,-6.69179,3.27416,-6.68358
3.27416,-6.68358,3.26225,-6.67671
3.26225,-6.67671,3.24963,-6.67127
3.24963,-6.67127,3.23646,-6.66732
3.23646,-6.66732,3.22292,-6.66494
3.22292,-6.66494,3.2092,-6.66414
3.2092,-6.66414,3.19548,-6.66494
5.40249,-6.19379,5.38895,-6.19617
5.38895,-6.19617,5.37578,-6.20011
5.37578,-6.20011,5.36316,-6.20556
5.36316,-6.20556,5.35126,-6.21243
5.35126,-6.21243,5.34023,-6.22064
5.34023,-6.22064,5.33023,-6.23008
5.33023,-6.23008,5.3214,-6.24061
5.3214,-6.24061,5.31384,-6.25209
5.31384,-6.25209,5.30767,-6.26438
5.30767,-6.26438,5.30297,-6.27729
5.30297,-6.27729,5.2998,-6.29067
5.2998,-6.29067,5.2982,-6.30432
5.2982,-6.30432,5.2982,-6.31807
5.2982,-6.31807,5.2998,-6.33172
5.2998,-6.33172,5.30297,-6.3451
5.30297,-6.3451,5.30767,-6.35802
5.30767,-6.35802,5.31384,-6.3703
5.31384,-6.3703,5.3214,-6.38179
5.3214,-6.38179,5.33023,-6.39232
5.33023,-6.39232,5.34023,-6.40175
5.34023,-6.40175,5.35126,-6.40996
5.35126,-6.40996,5.36316,-6.41683
5.36316,-6.41683,5.37578,-6.42228
5.37578,-6.42228,5.38895,-6.42622
5.38895,-6.42622,5.40249,-6.42861
5.40249,-6.42861,5.41621,-6.42941
5.41621,-6.42941,5.42994,-6.42861
5.42994,-6.42861,5.44348,-6.42622
5.44348,-6.42622,5.45664,-6.42228
5.45664,-6.42228,5.46927,-6.41683
5.46927,-6.41683,5.48117,-6.40996
5.48117,-6.40996,5.4922,-6.40175
5.4922,-6.40175,5.5022,-6.39232
5.5022,-6.39232,5.51103,-6.38179
5.51103,-6.38179,5.51859,-6.3703
5.51859,-6.3703,5.52476,-6.35802
5.52476,-6.35802,5.52946,-6.3451
5.52946,-6.3451,5.53263,-6.33172
5.53263,-6.33172,5.53422,-6.31807
5.53422,-6.31807,5.53432,-6.3112
5.53432,-6.3112,5.53422,-6.30432
5.53422,-6.30432,5.53263,-6.29067
5.53263,-6.29067,5.52946,-6.27729
5.52946,-6.27729,5.52476,-6.26438
5.52476,-6.26438,5.51859,-6.25209
5.51859,-6.25209,5.51103,-6.24061
5.51103,-6.24061,5.5022,-6.23008
5.5022,-6.23008,5.4922,-6.22064
5.4922,-6.22064,5.48117,-6.21243
5.48117,-6.21243,5.46927,-6.20556
5.46927,-6.20556,5.45664,-6.20011
5.45664,-6.20011,5.44348,-6.19617
5.44348,-6.19617,5.42994,-6.19379
5.42994,-6.19379,5.41621,-6.19299
5.41621,-6.19299,5.40249,-6.19379
6.17021,-6.19379,6.15667,-6.19617
6.15667,-6.19617,6.1435,-6.20011
6.1435,-6.20011,6.13088,-6.20556
6.13088,-6.20556,6.11897,-6.21243
6.11897,-6.21243,6.10795,-6.22064
6.10795,-6.22064,6.09795,-6.23008
6.09795,-6.23008,6.08911,-6.24061
6.08911,-6.24061,6.08156,-6.25209
6.08156,-6.25209,6.07539,-6.26438
6.07539,-6.26438,6.07069,-6.27729
6.07069,-6.27729,6.06752,-6.29067
6.06752,-6.29067,6.06592,-6.30432
6.06592,-6.30432,6.06592,-6.31807
6.06592,-6.31807,6.06752,-6.33172
6.06752,-6.33172,6.07069,-6.3451
6.07069,-6.3451,6.07539,-6.35802
6.07539,-6.35802,6.08156,-6.3703
6.08156,-6.3703,6.08911,-6.38179
6.08911,-6.38179,6.09795,-6.39232
6.09795,-6.39232,6.10795,-6.40175
6.10795,-6.40175,6.11897,-6.40996
6.11897,-6.40996,6.13088,-6.41683
6.13088,-6.41683,6.1435,-6.42228
6.1435,-6.42228,6.15667,-6.42622
6.15667,-6.42622,6.17021,-6.42861
6.17021,-6.42861,6.18393,-6.42941
6.18393,-6.42941,6.19765,-6.42861
6.19765,-6.42861,6.21119,-6.42622
6.21119,-6.42622,6.22436,-6.42228
6.22436,-6.42228,6.23698,-6.41683
6.23698,-6.41683,6.24889,-6.40996
6.24889,-6.40996,6.25991,-6.40175
6.25991,-6.40175,6.26991,-6.39232
6.26991,-6.39232,6.27875,-6.38179
6.27875,-6.38179,6.2863,-6.3703
6.2863,-6.3703,6.29247,-6.35802
6.29247,-6.35802,6.29718,-6.3451
6.29718,-6.3451,6.30035,-6.33172
6.30035,-6.33172,6.30194,-6.31807
6.30194,-6.31807,6.30204,-6.3112
6.30204,-6.3112,6.30194,-6.30432
6.30194,-6.30432,6.30035,-6.29067
6.30035,-6.29067,6.29718,-6.27729
6.29718,-6.27729,6.29247,-6.26438
6.29247,-6.26438,6.2863,-6.25209
6.2863,-6.25209,6.27875,-6.24061
6.27875,-6.24061,6.26991,-6.23008
6.26991,-6.23008,6.25991,-6.22064
6.25991,-6.22064,6.24889,-6.21243
6.24889,-6.21243,6.23698,-6.20556
6.23698,-6.20556,6.22436,-6.20011
6.22436,-6.20011,6.21119,-6.19617
6.21119,-6.19617,6.19765,-6.19379
6.19765,-6.19379,6.18393,-6.19299
6.18393,-6.19299,6.17021,-6.19379
2.31711,-6.02677,2.30358,-6.02916
2.30358,-6.02916,2.29041,-6.0331
2.29041,-6.0331,2.27779,-6.03854
2.27779,-6.03854,2.26588,-6.04542
2.26588,-6.04542,2.25485,-6.05363
2.25485,-6.05363,2.24486,-6.06306
2.24486,-6.06306,2.23602,-6.07359
2.23602,-6.07359,2.22847,-6.08507
2.22847,-6.08507,2.2223,-6.09736
2.2223,-6.09736,2.21759,-6.11028
2.21759,-6.11028,2.21442,-6.12365
2.21442,-6.12365,2.21283,-6.13731
2.21283,-6.13731,2.21283,-6.15105
2.21283,-6.15105,2.21442,-6.16471
2.21442,-6.16471,2.21759,-6.17808
2.21759,-6.17808,2.2223,-6.191
2.2223,-6.191,2.22847,-6.20329
2.22847,-6.20329,2.23602,-6.21477
2.23602,-6.21477,2.24486,-6.2253
2.24486,-6.2253,2.25485,-6.23473
2.25485,-6.23473,2.26588,-6.24294
2.26588,-6.24294,2.27779,-6.24982
2.27779,-6.24982,2.29041,-6.25526
2.29041,-6.25526,2.30358,-6.2592
2.30358,-6.2592,2.31711,-6.26159
2.31711,-6.26159,2.33084,-6.26239
2.33084,-6.26239,2.34456,-6.26159
2.34456,-6.26159,2.3581,-6.2592
2.3581,-6.2592,2.37127,-6.25526
2.37127,-6.25526,2.38389,-6.24982
2.38389,-6.24982,2.3958,-6.24294
2.3958,-6.24294,2.40682,-6.23473
2.40682,-6.23473,2.41682,-6.2253
2.41682,-6.2253,2.42566,-6.21477
2.42566,-6.21477,2.43321,-6.20329
2.43321,-6.20329,2.43938,-6.191
2.43938,-6.191,2.44408,-6.17808
2.44408,-6.17808,2.44725,-6.16471
2.44725,-6.16471,2.44885,-6.15105
2.44885,-6.15105,2.44895,-6.14418
2.44895,-6.14418,2.44885,-6.13731
2.44885,-6.13731,2.44725,-6.12365
2.44725,-6.12365,2.44408,-6.11028
2.44408,-6.11028,2.43938,-6.09736
2.43938,-6.09736,2.43321,-6.08507
2.43321,-6.08507,2.42566,-6.07359
2.42566,-6.07359,2.41682,-6.06306
2.41682,-6.06306,2.40682,-6.05363
2.40682,-6.05363,2.3958,-6.04542
2.3958,-6.04542,2.38389,-6.03854
2.38389,-6.03854,2.37127,-6.0331
2.37127,-6.0331,2.3581,-6.02916
2.3581,-6.02916,2.34456,-6.02677
2.34456,-6.02677,2.33084,-6.02597
2.33084,-6.02597,2.31711,-6.02677
3.86945,-5.96056,3.85591,-5.96295
3.85591,-5.96295,3.84274,-5.96689
3.84274,-5.96689,3.83012,-5.97234
3.83012,-5.97234,3.81821,-5.97921
3.81821,-5.97921,3.80718,-5.98742
3.80718,-5.98742,3.79719,-5.99685
3.79719,-5.99685,3.78835,-6.00738
3.78835,-6.00738,3.7808,-6.01887
3.7808,-6.01887,3.77463,-6.03115
3.77463,-6.03115,3.76992,-6.04407
3.76992,-6.04407,3.76675,-6.05745
3.76675,-6.05745,3.76516,-6.0711
3.76516,-6.0711,3.76516,-6.08485
3.76516,-6.08485,3.76675,-6.0985
3.76675,-6.0985,3.76992,-6.11188
3.76992,-6.11188,3.77463,-6.12479
3.77463,-6.12479,3.7808,-6.13708
3.7808,-6.13708,3.78835,-6.14856
3.78835,-6.14856,3.79719,-6.15909
3.79719,-6.15909,3.80718,-6.16853
3.80718,-6.16853,3.81821,-6.17674
3.81821,-6.17674,3.83012,-6.18361
3.83012,-6.18361,3.84274,-6.18905
3.84274,-6.18905,3.85591,-6.193
3.85591,-6.193,3.86945,-6.19538
3.86945,-6.19538,3.88317,-6.19618
3.88317,-6.19618,3.89689,-6.19538
3.89689,-6.19538,3.91043,-6.193
3.91043,-6.193,3.9236,-6.18905
3.9236,-6.18905,3.93622,-6.18361
3.93622,-6.18361,3.94813,-6.17674
3.94813,-6.17674,3.95915,-6.16853
3.95915,-6.16853,3.96915,-6.15909
3.96915,-6.15909,3.97799,-6.14856
3.97799,-6.14856,3.98554,-6.13708
3.98554,-6.13708,3.99171,-6.12479
3.99171,-6.12479,3.99641,-6.11188
3.99641,-6.11188,3.99958,-6.0985
3.99958,-6.0985,4.00118,-6.08485
4.00118,-6.08485,4.00128,-6.07797
4.00128,-6.07797,4.00118,-6.0711
4.00118,-6.0711,3.99958,-6.05745
3.99958,-6.05745,3.99641,-6.04407
3.99641,-6.04407,3.99171,-6.03115
3.99171,-6.03115,3.98554,-6.01887
3.98554,-6.01887,3.97799,-6.00738
3.97799,-6.00738,3.96915,-5.99685
3.96915,-5.99685,3.95915,-5.98742
3.95915,-5.98742,3.94813,-5.97921
3.94813,-5.97921,3.93622,-5.97234
3.93622,-5.97234,3.9236,-5.96689
3.9236,-5.96689,3.91043,-5.96295
3.91043,-5.96295,3.89689,-5.96056
3.89689,-5.96056,3.88317,-5.95976
3.88317,-5.95976,3.86945,-5.96056
3.07538,-5.90667,3.06184,-5.90906
3.06184,-5.90906,3.04867,-5.913
3.04867,-5.913,3.03605,-5.91845
3.03605,-5.91845,3.02415,-5.92532
3.02415,-5.92532,3.01312,-5.93353
3.01312,-5.93353,3.00312,-5.94296
3.00312,-5.94296,2.99428,-5.95349
2.99428,-5.95349,2.98673,-5.96498
2.98673,-5.96498,2.98056,-5.97726
2.98056,-5.97726,2.97586,-5.99018
2.97586,-5.99018,2.97269,-6.00356
2.97269,-6.00356,2.97109,-6.01721
2.97109,-6.01721,2.97109,-6.03096
2.97109,-6.03096,2.97269,-6.04461
2.97269,-6.04461,2.97586,-6.05799
2.97586,-6.05799,2.98056,-6.0709
2.98056,-6.0709,2.98673,-6.08319
2.98673,-6.08319,2.99428,-6.09467
2.99428,-6.09467,3.00312,-6.1052
3.00312,-6.1052,3.01312,-6.11464
3.01312,-6.11464,3.02415,-6.12285
3.02415,-6.12285,3.03605,-6.12972
3.03605,-6.12972,3.04867,-6.13516
3.04867,-6.13516,3.06184,-6.13911
3.06184,-6.13911,3.07538,-6.14149
3.07538,-6.14149,3.0891,-6.14229
3.0891,-6.14229,3.10283,-6.14149
3.10283,-6.14149,3.11636,-6.13911
3.11636,-6.13911,3.12953,-6.13516
3.12953,-6.13516,3.14216,-6.12972
3.14216,-6.12972,3.15406,-6.12285
3.15406,-6.12285,3.16509,-6.11464
3.16509,-6.11464,3.17509,-6.1052
3.17509,-6.1052,3.18392,-6.09467
3.18392,-6.09467,3.19148,-6.08319
3.19148,-6.08319,3.19765,-6.0709
3.19765,-6.0709,3.20235,-6.05799
3.20235,-6.05799,3.20552,-6.04461
3.20552,-6.04461,3.20711,-6.03096
3.20711,-6.03096,3.20721,-6.02408
3.20721,-6.02408,3.20711,-6.01721
3.20711,-6.01721,3.20552,-6.00356
3.20552,-6.00356,3.20235,-5.99018
3.20235,-5.99018,3.19765,-5.97726
3.19765,-5.97726,3.19148,-5.96498
3.19148,-5.96498,3.18392,-5.95349
3.18392,-5.95349,3.17509,-5.94296
3.17509,-5.94296,3.16509,-5.93353
3.16509,-5.93353,3.15406,-5.92532
3.15406,-5.92532,3.14216,-5.91845
3.14216,-5.91845,3.12953,-5.913
3.12953,-5.913,3.11636,-5.90906
3.11636,-5.90906,3.10283,-5.90667
3.10283,-5.90667,3.0891,-5.90587
3.0891,-5.90587,3.07538,-5.90667
4.62563,-5.68337,4.61209,-5.68576
4.61209,-5.68576,4.59892,-5.6897
4.59892,-5.6897,4.5863,-5.69515
4.5863,-5.69515,4.5744,-5.70202
4.5744,-5.70202,4.56337,-5.71023
4.56337,-5.71023,4.55337,-5.71966
4.55337,-5.71966,4.54453,-5.73019
4.54453,-5.73019,4.53698,-5.74168
4.53698,-5.74168,4.53081,-5.75396
4.53081,-5.75396,4.52611,-5.76688
4.52611,-5.76688,4.52294,-5.78026
4.52294,-5.78026,4.52134,-5.79391
4.52134,-5.79391,4.52134,-5.80766
4.52134,-5.80766,4.52294,-5.82131
4.52294,-5.82131,4.52611,-5.83469
4.52611,-5.83469,4.53081,-5.8476
4.53081,-5.8476,4.53698,-5.85989
4.53698,-5.85989,4.54453,-5.87137
4.54453,-5.87137,4.55337,-5.8819
4.55337,-5.8819,4.56337,-5.89134
4.56337,-5.89134,4.5744,-5.89955
4.5744,-5.89955,4.5863,-5.90642
4.5863,-5.90642,4.59892,-5.91186
4.59892,-5.91186,4.61209,-5.91581
4.61209,-5.91581,4.62563,-5.91819
4.62563,-5.91819,4.63935,-5.91899
4.63935,-5.91899,4.65308,-5.91819
4.65308,-5.91819,4.66661,-5.91581
4.66661,-5.91581,4.67978,-5.91186
4.67978,-5.91186,4.69241,-5.90642
4.69241,-5.90642,4.70431,-5.89955
4.70431,-5.89955,4.71534,-5.89134
4.71534,-5.89134,4.72534,-5.8819
4.72534,-5.8819,4.73417,-5.87137
4.73417,-5.87137,4.74173,-5.85989
4.74173,-5.85989,4.7479,-5.8476
4.7479,-5.8476,4.7526,-5.83469
4.7526,-5.83469,4.75577,-5.82131
4.75577,-5.82131,4.75736,-5.80766
4.75736,-5.80766,4.75746,-5.80078
4.75746,-5.80078,4.75736,-5.79391
4.75736,-5.79391,4.75577,-5.78026
4.75577,-5.78026,4.7526,-5.76688
4.7526,-5.76688,4.7479,-5.75396
4.7479,-5.75396,4.74173,-5.74168
4.74173,-5.74168,4.73417,-5.73019
4.73417,-5.73019,4.72534,-5.71966
4.72534,-5.71966,4.71534,-5.71023
4.71534,-5.71023,4.70431,-5.70202
4.70431,-5.70202,4.69241,-5.69515
4.69241,-5.69515,4.67978,-5.6897
4.67978,-5.6897,4.66661,-5.68576
4.66661,-5.68576,4.65308,-5.68337
4.65308,-5.68337,4.63935,-5.68257
4.63935,-5.68257,4.62563,-5.68337
5.40249,-5.42607,5.38895,-5.42846
5.38895,-5.42846,5.37578,-5.4324
5.37578,-5.4324,5.36316,-5.43784
5.36316,-5.43784,5.35126,-5.44472
5.35126,-5.44472,5.34023,-5.45293
5.34023,-5.45293,5.33023,-5.46236
5.33023,-5.46236,5.3214,-5.47289
5.3214,-5.47289,5.31384,-5.48437
5.31384,-5.48437,5.30767,-5.49666
5.30767,-5.49666,5.30297,-5.50958
5.30297,-5.50958,5.2998,-5.52295
5.2998,-5.52295,5.2982,-5.53661
5.2982,-5.53661,5.2982,-5.55035
5.2982,-5.55035,5.2998,-5.56401
5.2998,-5.56401,5.30297,-5.57738
5.30297,-5.57738,5.30767,-5.5903
5.30767,-5.5903,5.31384,-5.60258
5.31384,-5.60258,5.3214,-5.61407
5.3214,-5.61407,5.33023,-5.6246
5.33023,-5.6246,5.34023,-5.63403
5.34023,-5.63403,5.35126,-5.64224
5.35126,-5.64224,5.36316,-5.64912
5.36316,-5.64912,5.37578,-5.65456
5.37578,-5.65456,5.38895,-5.6585
5.38895,-5.6585,5.40249,-5.66089
5.40249,-5.66089,5.41621,-5.66169
5.41621,-5.66169,5.42994,-5.66089
5.42994,-5.66089,5.44348,-5.6585
5.44348,-5.6585,5.45664,-5.65456
5.45664,-5.65456,5.46927,-5.64912
5.46927,-5.64912,5.48117,-5.64224
5.48117,-5.64224,5.4922,-5.63403
5.4922,-5.63403,5.5022,-5.6246
5.5022,-5.6246,5.51103,-5.61407
5.51103,-5.61407,5.51859,-5.60258
5.51859,-5.60258,5.52476,-5.5903
5.52476,-5.5903,5.52946,-5.57738
5.52946,-5.57738,5.53263,-5.56401
5.53263,-5.56401,5.53422,-5.55035
5.53422,-5.55035,5.53432,-5.54348
5.53432,-5.54348,5.53422,-5.53661
5.53422,-5.53661,5.53263,-5.52295
5.53263,-5.52295,5.52946,-5.50958
5.52946,-5.50958,5.52476,-5.49666
5.52476,-5.49666,5.51859,-5.48437
5.51859,-5.48437,5.51103,-5.47289
5.51103,-5.47289,5.5022,-5.46236
5.5022,-5.46236,5.4922,-5.45293
5.4922,-5.45293,5.48117,-5.44472
5.48117,-5.44472,5.46927,-5.43784
5.46927,-5.43784,5.45664,-5.4324
5.45664,-5.4324,5.44348,-5.42846
5.44348,-5.42846,5.42994,-5.42607
5.42994,-5.42607,5.41621,-5.42527
5.41621,-5.42527,5.40249,-5.42607
6.17021,-5.42607,6.15667,-5.42846
6.15667,-5.42846,6.1435,-5.4324
6.1435,-5.4324,6.13088,-5.43784
6.13088,-5.43784,6.11897,-5.44472
6.11897,-5.44472,6.10795,-5.45293
6.10795,-5.45293,6.09795,-5.46236
6.09795,-5.46236,6.08911,-5.47289
6.08911,-5.47289,6.08156,-5.48437
6.08156,-5.48437,6.07539,-5.49666
6.07539,-5.49666,6.07069,-5.50958
6.07069,-5.50958,6.06752,-5.52295
6.06752,-5.52295,6.06592,-5.53661
6.06592,-5.53661,6.06592,-5.55035
6.06592,-5.55035,6.06752,-5.56401
6.06752,-5.56401,6.07069,-5.57738
6.07069,-5.57738,6.07539,-5.5903
6.07539,-5.5903,6.08156,-5.60258
6.08156,-5.60258,6.08911,-5.61407
6.08911,-5.61407,6.09795,-5.6246
6.09795,-5.6246,6.10795,-5.63403
6.10795,-5.63403,6.11897,-5.64224
6.11897,-5.64224,6.13088,-5.64912
6.13088,-5.64912,6.1435,-5.65456
6.1435,-5.65456,6.15667,-5.6585
6.15667,-5.6585,6.17021,-5.66089
6.17021,-5.66089,6.18393,-5.66169
6.18393,-5.66169,6.19765,-5.66089
6.19765,-5.66089,6.21119,-5.6585
6.21119,-5.6585,6.22436,-5.65456
6.22436,-5.65456,6.23698,-5.64912
6.23698,-5.64912,6.24889,-5.64224
6.24889,-5.64224,6.25991,-5.63403
6.25991,-5.63403,6.26991,-5.6246
6.26991,-5.6246,6.27875,-5.61407
6.27875,-5.61407,6.2863,-5.60258
6.2863,-5.60258,6.29247,-5.5903
6.29247,-5.5903,6.29718,-5.57738
6.29718,-5.57738,6.30035,-5.56401
6.30035,-5.56401,6.30194,-5.55035
6.30194,-5.55035,6.30204,-5.54348
6.30204,-5.54348,6.30194,-5.53661
6.30194,-5.53661,6.30035,-5.52295
6.30035,-5.52295,6.29718,-5.50958
6.29718,-5.50958,6.29247,-5.49666
6.29247,-5.49666,6.2863,-5.48437
6.2863,-5.48437,6.27875,-5.47289
6.27875,-5.47289,6.26991,-5.46236
6.26991,-5.46236,6.25991,-5.45293
6.25991,-5.45293,6.24889,-5.44472
6.24889,-5.44472,6.23698,-5.43784
6.23698,-5.43784,6.22436,-5.4324
6.22436,-5.4324,6.21119,-5.42846
6.21119,-5.42846,6.19765,-5.42607
6.19765,-5.42607,6.18393,-5.42527
6.18393,-5.42527,6.17021,-5.42607
2.19702,-5.2685,2.18348,-5.27089
2.18348,-5.27089,2.17031,-5.27483
2.17031,-5.27483,2.15769,-5.28028
2.15769,-5.28028,2.14578,-5.28715
2.14578,-5.28715,2.13476,-5.29536
2.13476,-5.29536,2.12476,-5.30479
2.12476,-5.30479,2.11592,-5.31532
2.11592,-5.31532,2.10837,-5.32681
2.10837,-5.32681,2.1022,-5.33909
2.1022,-5.33909,2.0975,-5.35201
2.0975,-5.35201,2.09433,-5.36539
2.09433,-5.36539,2.09273,-5.37904
2.09273,-5.37904,2.09273,-5.39279
2.09273,-5.39279,2.09433,-5.40644
2.09433,-5.40644,2.0975,-5.41982
2.0975,-5.41982,2.1022,-5.43274
2.1022,-5.43274,2.10837,-5.44502
2.10837,-5.44502,2.11592,-5.45651
2.11592,-5.45651,2.12476,-5.46704
2.12476,-5.46704,2.13476,-5.47647
2.13476,-5.47647,2.14578,-5.48468
2.14578,-5.48468,2.15769,-5.49155
2.15769,-5.49155,2.17031,-5.497
2.17031,-5.497,2.18348,-5.50094
2.18348,-5.50094,2.19702,-5.50333
2.19702,-5.50333,2.21074,-5.50413
2.21074,-5.50413,2.22446,-5.50333
2.22446,-5.50333,2.238,-5.50094
2.238,-5.50094,2.25117,-5.497
2.25117,-5.497,2.26379,-5.49155
2.26379,-5.49155,2.2757,-5.48468
2.2757,-5.48468,2.28673,-5.47647
2.28673,-5.47647,2.29672,-5.46704
2.29672,-5.46704,2.30556,-5.45651
2.30556,-5.45651,2.31311,-5.44502
2.31311,-5.44502,2.31928,-5.43274
2.31928,-5.43274,2.32399,-5.41982
2.32399,-5.41982,2.32716,-5.40644
2.32716,-5.40644,2.32875,-5.39279
2.32875,-5.39279,2.32885,-5.38592
2.32885,-5.38592,2.32875,-5.37904
2.32875,-5.37904,2.32716,-5.36539
2.32716,-5.36539,2.32399,-5.35201
2.32399,-5.35201,2.31928,-5.33909
2.31928,-5.33909,2.31311,-5.32681
2.31311,-5.32681,2.30556,-5.31532
2.30556,-5.31532,2.29672,-5.30479
2.29672,-5.30479,2.28673,-5.29536
2.28673,-5.29536,2.2757,-5.28715
2.2757,-5.28715,2.26379,-5.28028
2.26379,-5.28028,2.25117,-5.27483
2.25117,-5.27483,2.238,-5.27089
2.238,-5.27089,2.22446,-5.2685
2.22446,-5.2685,2.21074,-5.2677
2.21074,-5.2677,2.19702,-5.2685
3.7892,-5.19705,3.77566,-5.19944
3.77566,-5.19944,3.76249,-5.20338
3.76249,-5.20338,3.74987,-5.20883
3.74987,-5.20883,3.73796,-5.2157
3.73796,-5.2157,3.72694,-5.22391
3.72694,-5.22391,3.71694,-5.23334
3.71694,-5.23334,3.7081,-5.24387
3.7081,-5.24387,3.70055,-5.25536
3.70055,-5.25536,3.69438,-5.26764
3.69438,-5.26764,3.68968,-5.28056
3.68968,-5.28056,3.68651,-5.29393
3.68651,-5.29393,3.68491,-5.30759
3.68491,-5.30759,3.68491,-5.32134
3.68491,-5.32134,3.68651,-5.33499
3.68651,-5.33499,3.68968,-5.34837
3.68968,-5.34837,3.69438,-5.36128
3.69438,-5.36128,3.70055,-5.37357
3.70055,-5.37357,3.7081,-5.38505
3.7081,-5.38505,3.71694,-5.39558
3.71694,-5.39558,3.72694,-5.40502
3.72694,-5.40502,3.73796,-5.41323
3.73796,-5.41323,3.74987,-5.4201
3.74987,-5.4201,3.76249,-5.42554
3.76249,-5.42554,3.77566,-5.42949
3.77566,-5.42949,3.7892,-5.43187
3.7892,-5.43187,3.80292,-5.43267
3.80292,-5.43267,3.81664,-5.43187
3.81664,-5.43187,3.83018,-5.42949
3.83018,-5.42949,3.84335,-5.42554
3.84335,-5.42554,3.85597,-5.4201
3.85597,-5.4201,3.86788,-5.41323
3.86788,-5.41323,3.8789,-5.40502
3.8789,-5.40502,3.8889,-5.39558
3.8889,-5.39558,3.89774,-5.38505
3.89774,-5.38505,3.90529,-5.37357
3.90529,-5.37357,3.91146,-5.36128
3.91146,-5.36128,3.91616,-5.34837
3.91616,-5.34837,3.91934,-5.33499
3.91934,-5.33499,3.92093,-5.32134
3.92093,-5.32134,3.92103,-5.31446
3.92103,-5.31446,3.92093,-5.30759
3.92093,-5.30759,3.91934,-5.29393
3.91934,-5.29393,3.91616,-5.28056
3.91616,-5.28056,3.91146,-5.26764
3.91146,-5.26764,3.90529,-5.25536
3.90529,-5.25536,3.89774,-5.24387
3.89774,-5.24387,3.8889,-5.23334
3.8889,-5.23334,3.8789,-5.22391
3.8789,-5.22391,3.86788,-5.2157
3.86788,-5.2157,3.85597,-5.20883
3.85597,-5.20883,3.84335,-5.20338
3.84335,-5.20338,3.83018,-5.19944
3.83018,-5.19944,3.81664,-5.19705
3.81664,-5.19705,3.80292,-5.19625
3.80292,-5.19625,3.7892,-5.19705
2.95528,-5.14841,2.94174,-5.15079
2.94174,-5.15079,2.92858,-5.15474
2.92858,-5.15474,2.91595,-5.16018
2.91595,-5.16018,2.90405,-5.16705
2.90405,-5.16705,2.89302,-5.17526
2.89302,-5.17526,2.88302,-5.1847
2.88302,-5.1847,2.87419,-5.19523
2.87419,-5.19523,2.86663,-5.20671
2.86663,-5.20671,2.86046,-5.219
2.86046,-5.219,2.85576,-5.23191
2.85576,-5.23191,2.85259,-5.24529
2.85259,-5.24529,2.851,-5.25894
2.851,-5.25894,2.851,-5.27269
2.851,-5.27269,2.85259,-5.28634
2.85259,-5.28634,2.85576,-5.29972
2.85576,-5.29972,2.86046,-5.31264
2.86046,-5.31264,2.86663,-5.32492
2.86663,-5.32492,2.87419,-5.33641
2.87419,-5.33641,2.88302,-5.34694
2.88302,-5.34694,2.89302,-5.35637
2.89302,-5.35637,2.90405,-5.36458
2.90405,-5.36458,2.91595,-5.37145
2.91595,-5.37145,2.92858,-5.3769
2.92858,-5.3769,2.94174,-5.38084
2.94174,-5.38084,2.95528,-5.38323
2.95528,-5.38323,2.96901,-5.38403
2.96901,-5.38403,2.98273,-5.38323
2.98273,-5.38323,2.99627,-5.38084
2.99627,-5.38084,3.00944,-5.3769
3.00944,-5.3769,3.02206,-5.37145
3.02206,-5.37145,3.03396,-5.36458
3.03396,-5.36458,3.04499,-5.35637
3.04499,-5.35637,3.05499,-5.34694
3.05499,-5.34694,3.06382,-5.33641
3.06382,-5.33641,3.07138,-5.32492
3.07138,-5.32492,3.07755,-5.31264
3.07755,-5.31264,3.08225,-5.29972
3.08225,-5.29972,3.08542,-5.28634
3.08542,-5.28634,3.08702,-5.27269
3.08702,-5.27269,3.08712,-5.26582
3.08712,-5.26582,3.08702,-5.25894
3.08702,-5.25894,3.08542,-5.24529
3.08542,-5.24529,3.08225,-5.23191
3.08225,-5.23191,3.07755,-5.219
3.07755,-5.219,3.07138,-5.20671
3.07138,-5.20671,3.06382,-5.19523
3.06382,-5.19523,3.05499,-5.1847
3.05499,-5.1847,3.04499,-5.17526
3.04499,-5.17526,3.03396,-5.16705
3.03396,-5.16705,3.02206,-5.16018
3.02206,-5.16018,3.00944,-5.15474
3.00944,-5.15474,2.99627,-5.15079
2.99627,-5.15079,2.98273,-5.14841
2.98273,-5.14841,2.96901,-5.14761
2.96901,-5.14761,2.95528,-5.14841
4.58545,-4.91671,4.57191,-4.91909
4.57191,-4.91909,4.55874,-4.92304
4.55874,-4.92304,4.54612,-4.92848
4.54612,-4.92848,4.53422,-4.93535
4.53422,-4.93535,4.52319,-4.94356
4.52319,-4.94356,4.51319,-4.953
4.51319,-4.953,4.50435,-4.96353
4.50435,-4.96353,4.4968,-4.97501
4.4968,-4.97501,4.49063,-4.9873
4.49063,-4.9873,4.48593,-5.00021
4.48593,-5.00021,4.48276,-5.01359
4.48276,-5.01359,4.48116,-5.02724
4.48116,-5.02724,4.48116,-5.04099
4.48116,-5.04099,4.48276,-5.05465
4.48276,-5.05465,4.48593,-5.06802
4.48593,-5.06802,4.49063,-5.08094
4.49063,-5.08094,4.4968,-5.09322
4.4968,-5.09322,4.50435,-5.10471
4.50435,-5.10471,4.51319,-5.11524
4.51319,-5.11524,4.52319,-5.12467
4.52319,-5.12467,4.53422,-5.13288
4.53422,-5.13288,4.54612,-5.13975
4.54612,-5.13975,4.55874,-5.1452
4.55874,-5.1452,4.57191,-5.14914
4.57191,-5.14914,4.58545,-5.15153
4.58545,-5.15153,4.59917,-5.15233
4.59917,-5.15233,4.6129,-5.15153
4.6129,-5.15153,4.62643,-5.14914
4.62643,-5.14914,4.6396,-5.1452
4.6396,-5.1452,4.65223,-5.13975
4.65223,-5.13975,4.66413,-5.13288
4.66413,-5.13288,4.67516,-5.12467
4.67516,-5.12467,4.68516,-5.11524
4.68516,-5.11524,4.69399,-5.10471
4.69399,-5.10471,4.70155,-5.09322
4.70155,-5.09322,4.70772,-5.08094
4.70772,-5.08094,4.71242,-5.06802
4.71242,-5.06802,4.71559,-5.05465
4.71559,-5.05465,4.71718,-5.04099
4.71718,-5.04099,4.71728,-5.03412
4.71728,-5.03412,4.71718,-5.02724
4.71718,-5.02724,4.71559,-5.01359
4.71559,-5.01359,4.71242,-5.00021
4.71242,-5.00021,4.70772,-4.9873
4.70772,-4.9873,4.70155,-4.97501
4.70155,-4.97501,4.69399,-4.96353
4.69399,-4.96353,4.68516,-4.953
4.68516,-4.953,4.67516,-4.94356
4.67516,-4.94356,4.66413,-4.93535
4.66413,-4.93535,4.65223,-4.92848
4.65223,-4.92848,4.6396,-4.92304
4.6396,-4.92304,4.62643,-4.91909
4.62643,-4.91909,4.6129,-4.91671
4.6129,-4.91671,4.59917,-4.91591
4.59917,-4.91591,4.58545,-4.91671
5.40249,-4.65835,5.38895,-4.66074
5.38895,-4.66074,5.37578,-4.66468
5.37578,-4.66468,5.36316,-4.67013
5.36316,-4.67013,5.35126,-4.677
5.35126,-4.677,5.34023,-4.68521
5.34023,-4.68521,5.33023,-4.69464
5.33023,-4.69464,5.3214,-4.70517
5.3214,-4.70517,5.31384,-4.71666
5.31384,-4.71666,5.30767,-4.72894
5.30767,-4.72894,5.30297,-4.74186
5.30297,-4.74186,5.2998,-4.75524
5.2998,-4.75524,5.2982,-4.76889
5.2982,-4.76889,5.2982,-4.78264
5.2982,-4.78264,5.2998,-4.79629
5.2998,-4.79629,5.30297,-4.80967
5.30297,-4.80967,5.30767,-4.82258
5.30767,-4.82258,5.31384,-4.83487
5.31384,-4.83487,5.3214,-4.84635
5.3214,-4.84635,5.33023,-4.85688
5.33023,-4.85688,5.34023,-4.86632
5.34023,-4.86632,5.35126,-4.87453
5.35126,-4.87453,5.36316,-4.8814
5.36316,-4.8814,5.37578,-4.88684
5.37578,-4.88684,5.38895,-4.89079
5.38895,-4.89079,5.40249,-4.89317
5.40249,-4.89317,5.41621,-4.89397
5.41621,-4.89397,5.42994,-4.89317
5.42994,-4.89317,5.44348,-4.89079
5.44348,-4.89079,5.45664,-4.88684
5.45664,-4.88684,5.46927,-4.8814
5.46927,-4.8814,5.48117,-4.87453
5.48117,-4.87453,5.4922,-4.86632
5.4922,-4.86632,5.5022,-4.85688
5.5022,-4.85688,5.51103,-4.84635
5.51103,-4.84635,5.51859,-4.83487
5.51859,-4.83487,5.52476,-4.82258
5.52476,-4.82258,5.52946,-4.80967
5.52946,-4.80967,5.53263,-4.79629
5.53263,-4.79629,5.53422,-4.78264
5.53422,-4.78264,5.53432,-4.77576
5.53432,-4.77576,5.53422,-4.76889
5.53422,-4.76889,5.53263,-4.75524
5.53263,-4.75524,5.52946,-4.74186
5.52946,-4.74186,5.52476,-4.72894
5.52476,-4.72894,5.51859,-4.71666
5.51859,-4.71666,5.51103,-4.70517
5.51103,-4.70517,5.5022,-4.69464
5.5022,-4.69464,5.4922,-4.68521
5.4922,-4.68521,5.48117,-4.677
5.48117,-4.677,5.46927,-4.67013
5.46927,-4.67013,5.45664,-4.66468
5.45664,-4.66468,5.44348,-4.66074
5.44348,-4.66074,5.42994,-4.65835
5.42994,-4.65835,5.41621,-4.65755
5.41621,-4.65755,5.40249,-4.65835
6.17021,-4.65835,6.15667,-4.66074
6.15667,-4.66074,6.1435,-4.66468
6.1435,-4.66468,6.13088,-4.67013
6.13088,-4.67013,6.11897,-4.677
6.11897,-4.677,6.10795,-4.68521
6.10795,-4.68521,6.09795,-4.69464
6.09795,-4.69464,6.08911,-4.70517
6.08911,-4.70517,6.08156,-4.71666
6.08156,-4.71666,6.07539,-4.72894
6.07539,-4.72894,6.07069,-4.74186
6.07069,-4.74186,6.06752,-4.75524
6.06752,-4.75524,6.06592,-4.76889
6.06592,-4.76889,6.06592,-4.78264
6.06592,-4.78264,6.06752,-4.79629
6.06752,-4.79629,6.07069,-4.80967
6.07069,-4.80967,6.07539,-4.82258
6.07539,-4.82258,6.08156,-4.83487
6.08156,-4.83487,6.08911,-4.84635
6.08911,-4.84635,6.09795,-4.85688
6.09795,-4.85688,6.10795,-4.86632
6.10795,-4.86632,6.11897,-4.87453
6.11897,-4.87453,6.13088,-4.8814
6.13088,-4.8814,6.1435,-4.88684
6.1435,-4.88684,6.15667,-4.89079
6.15667,-4.89079,6.17021,-4.89317
6.17021,-4.89317,6.18393,-4.89397
6.18393,-4.89397,6.19765,-4.89317
6.19765,-4.89317,6.21119,-4.89079
6.21119,-4.89079,6.22436,-4.88684
6.22436,-4.88684,6.23698,-4.8814
6.23698,-4.8814,6.24889,-4.87453
6.24889,-4.87453,6.25991,-4.86632
6.25991,-4.86632,6.26991,-4.85688
6.26991,-4.85688,6.27875,-4.84635
6.27875,-4.84635,6.2863,-4.83487
6.2863,-4.83487,6.29247,-4.82258
6.29247,-4.82258,6.29718,-4.80967
6.29718,-4.80967,6.30035,-4.79629
6.30035,-4.79629,6.30194,-4.78264
6.30194,-4.78264,6.30204,-4.77576
6.30204,-4.77576,6.30194,-4.76889
6.30194,-4.76889,6.30035,-4.75524
6.30035,-4.75524,6.29718,-4.74186
6.29718,-4.74186,6.29247,-4.72894
6.29247,-4.72894,6.2863,-4.71666
6.2863,-4.71666,6.27875,-4.70517
6.27875,-4.70517,6.26991,-4.69464
6.26991,-4.69464,6.25991,-4.68521
6.25991,-4.68521,6.24889,-4.677
6.24889,-4.677,6.23698,-4.67013
6.23698,-4.67013,6.22436,-4.66468
6.22436,-4.66468,6.21119,-4.66074
6.21119,-4.66074,6.19765,-4.65835
6.19765,-4.65835,6.18393,-4.65755
6.18393,-4.65755,6.17021,-4.65835
3.70895,-4.43354,3.69541,-4.43593
3.69541,-4.43593,3.68224,-4.43987
3.68224,-4.43987,3.66962,-4.44531
3.66962,-4.44531,3.65771,-4.45219
3.65771,-4.45219,3.64669,-4.4604
3.64669,-4.4604,3.63669,-4.46983
3.63669,-4.46983,3.62785,-4.48036
3.62785,-4.48036,3.6203,-4.49185
3.6203,-4.49185,3.61413,-4.50413
3.61413,-4.50413,3.60943,-4.51705
3.60943,-4.51705,3.60626,-4.53042
3.60626,-4.53042,3.60466,-4.54408
3.60466,-4.54408,3.60466,-4.55782
3.60466,-4.55782,3.60626,-4.57148
3.60626,-4.57148,3.60943,-4.58485
3.60943,-4.58485,3.61413,-4.59777
3.61413,-4.59777,3.6203,-4.61006
3.6203,-4.61006,3.62785,-4.62154
3.62785,-4.62154,3.63669,-4.63207
3.63669,-4.63207,3.64669,-4.64151
3.64669,-4.64151,3.65771,-4.64971
3.65771,-4.64971,3.66962,-4.65659
3.66962,-4.65659,3.68224,-4.66203
3.68224,-4.66203,3.69541,-4.66597
3.69541,-4.66597,3.70895,-4.66836
3.70895,-4.66836,3.72267,-4.66916
3.72267,-4.66916,3.7364,-4.66836
3.7364,-4.66836,3.74993,-4.66597
3.74993,-4.66597,3.7631,-4.66203
3.7631,-4.66203,3.77573,-4.65659
3.77573,-4.65659,3.78763,-4.64971
3.78763,-4.64971,3.79866,-4.64151
3.79866,-4.64151,3.80866,-4.63207
3.80866,-4.63207,3.81749,-4.62154
3.81749,-4.62154,3.82505,-4.61006
3.82505,-4.61006,3.83122,-4.59777
3.83122,-4.59777,3.83592,-4.58485
3.83592,-4.58485,3.83909,-4.57148
3.83909,-4.57148,3.84068,-4.55782
3.84068,-4.55782,3.84078,-4.55095
3.84078,-4.55095,3.84068,-4.54408
3.84068,-4.54408,3.83909,-4.53042
3.83909,-4.53042,3.83592,-4.51705
3.83592,-4.51705,3.83122,-4.50413
3.83122,-4.50413,3.82505,-4.49185
3.82505,-4.49185,3.81749,-4.48036
3.81749,-4.48036,3.80866,-4.46983
3.80866,-4.46983,3.79866,-4.4604
3.79866,-4.4604,3.78763,-4.45219
3.78763,-4.45219,3.77573,-4.44531
3.77573,-4.44531,3.7631,-4.43987
3.7631,-4.43987,3.74993,-4.43593
3.74993,-4.43593,3.7364,-4.43354
3.7364,-4.43354,3.72267,-4.43274
3.72267,-4.43274,3.70895,-4.43354
4.54527,-4.15004,4.53173,-4.15243
4.53173,-4.15243,4.51856,-4.15637
4.51856,-4.15637,4.50594,-4.16182
4.50594,-4.16182,4.49404,-4.16869
4.49404,-4.16869,4.48301,-4.1769
4.48301,-4.1769,4.47301,-4.18633
4.47301,-4.18633,4.46418,-4.19686
4.46418,-4.19686,4.45662,-4.20835
4.45662,-4.20835,4.45045,-4.22063
4.45045,-4.22063,4.44575,-4.23355
4.44575,-4.23355,4.44258,-4.24693
4.44258,-4.24693,4.44098,-4.26058
4.44098,-4.26058,4.44098,-4.27433
4.44098,-4.27433,4.44258,-4.28798
4.44258,-4.28798,4.44575,-4.30136
4.44575,-4.30136,4.45045,-4.31427
4.45045,-4.31427,4.45662,-4.32656
4.45662,-4.32656,4.46418,-4.33804
4.46418,-4.33804,4.47301,-4.34857
4.47301,-4.34857,4.48301,-4.35801
4.48301,-4.35801,4.49404,-4.36622
4.49404,-4.36622,4.50594,-4.37309
4.50594,-4.37309,4.51856,-4.37854
4.51856,-4.37854,4.53173,-4.38248
4.53173,-4.38248,4.54527,-4.38486
4.54527,-4.38486,4.55899,-4.38566
4.55899,-4.38566,4.57272,-4.38486
4.57272,-4.38486,4.58626,-4.38248
4.58626,-4.38248,4.59942,-4.37854
4.59942,-4.37854,4.61205,-4.37309
4.61205,-4.37309,4.62395,-4.36622
4.62395,-4.36622,4.63498,-4.35801
4.63498,-4.35801,4.64498,-4.34857
4.64498,-4.34857,4.65381,-4.33804
4.65381,-4.33804,4.66137,-4.32656
4.66137,-4.32656,4.66754,-4.31427
4.66754,-4.31427,4.67224,-4.30136
4.67224,-4.30136,4.67541,-4.28798
4.67541,-4.28798,4.677,-4.27433
4.677,-4.27433,4.6771,-4.26745
4.6771,-4.26745,4.677,-4.26058
4.677,-4.26058,4.67541,-4.24693
4.67541,-4.24693,4.67224,-4.23355
4.67224,-4.23355,4.66754,-4.22063
4.66754,-4.22063,4.66137,-4.20835
4.66137,-4.20835,4.65381,-4.19686
4.65381,-4.19686,4.64498,-4.18633
4.64498,-4.18633,4.63498,-4.1769
4.63498,-4.1769,4.62395,-4.16869
4.62395,-4.16869,4.61205,-4.16182
4.61205,-4.16182,4.59942,-4.15637
4.59942,-4.15637,4.58626,-4.15243
4.58626,-4.15243,4.57272,-4.15004
4.57272,-4.15004,4.55899,-4.14924
4.55899,-4.14924,4.54527,-4.15004
